{
  "AWSTemplateFormatVersion": "2010-09-09",
  "Description": "The AWS CloudFormation template for this Serverless application",
  "Resources": {
    "ServerlessDeploymentBucket": {
      "Type": "AWS::S3::Bucket",
      "Properties": {
        "BucketEncryption": {
          "ServerSideEncryptionConfiguration": [
            {
              "ServerSideEncryptionByDefault": {
                "SSEAlgorithm": "AES256"
              }
            }
          ]
        }
      }
    },
    "ServerlessDeploymentBucketPolicy": {
      "Type": "AWS::S3::BucketPolicy",
      "Properties": {
        "Bucket": {
          "Ref": "ServerlessDeploymentBucket"
        },
        "PolicyDocument": {
          "Statement": [
            {
              "Action": "s3:*",
              "Effect": "Deny",
              "Principal": "*",
              "Resource": [
                {
                  "Fn::Join": [
                    "",
                    [
                      "arn:",
                      {
                        "Ref": "AWS::Partition"
                      },
                      ":s3:::",
                      {
                        "Ref": "ServerlessDeploymentBucket"
                      },
                      "/*"
                    ]
                  ]
                },
                {
                  "Fn::Join": [
                    "",
                    [
                      "arn:",
                      {
                        "Ref": "AWS::Partition"
                      },
                      ":s3:::",
                      {
                        "Ref": "ServerlessDeploymentBucket"
                      }
                    ]
                  ]
                }
              ],
              "Condition": {
                "Bool": {
                  "aws:SecureTransport": false
                }
              }
            }
          ]
        }
      }
    },
    "AuthLogGroup": {
      "Type": "AWS::Logs::LogGroup",
      "Properties": {
        "LogGroupName": "/aws/lambda/loc35-udacity-cloud-service-2-dev-Auth"
      }
    },
    "GetTodosLogGroup": {
      "Type": "AWS::Logs::LogGroup",
      "Properties": {
        "LogGroupName": "/aws/lambda/loc35-udacity-cloud-service-2-dev-GetTodos"
      }
    },
    "CreateTodoLogGroup": {
      "Type": "AWS::Logs::LogGroup",
      "Properties": {
        "LogGroupName": "/aws/lambda/loc35-udacity-cloud-service-2-dev-CreateTodo"
      }
    },
    "UpdateTodoLogGroup": {
      "Type": "AWS::Logs::LogGroup",
      "Properties": {
        "LogGroupName": "/aws/lambda/loc35-udacity-cloud-service-2-dev-UpdateTodo"
      }
    },
    "DeleteTodoLogGroup": {
      "Type": "AWS::Logs::LogGroup",
      "Properties": {
        "LogGroupName": "/aws/lambda/loc35-udacity-cloud-service-2-dev-DeleteTodo"
      }
    },
    "GenerateUploadUrlLogGroup": {
      "Type": "AWS::Logs::LogGroup",
      "Properties": {
        "LogGroupName": "/aws/lambda/loc35-udacity-cloud-service-2-dev-GenerateUploadUrl"
      }
    },
    "IamRoleLambdaExecution": {
      "Type": "AWS::IAM::Role",
      "Properties": {
        "AssumeRolePolicyDocument": {
          "Version": "2012-10-17",
          "Statement": [
            {
              "Effect": "Allow",
              "Principal": {
                "Service": [
                  "lambda.amazonaws.com"
                ]
              },
              "Action": [
                "sts:AssumeRole"
              ]
            }
          ]
        },
        "Policies": [
          {
            "PolicyName": {
              "Fn::Join": [
                "-",
                [
                  "loc35-udacity-cloud-service-2",
                  "dev",
                  "lambda"
                ]
              ]
            },
            "PolicyDocument": {
              "Version": "2012-10-17",
              "Statement": [
                {
                  "Effect": "Allow",
                  "Action": [
                    "logs:CreateLogStream",
                    "logs:CreateLogGroup"
                  ],
                  "Resource": [
                    {
                      "Fn::Sub": "arn:${AWS::Partition}:logs:${AWS::Region}:${AWS::AccountId}:log-group:/aws/lambda/loc35-udacity-cloud-service-2-dev*:*"
                    }
                  ]
                },
                {
                  "Effect": "Allow",
                  "Action": [
                    "logs:PutLogEvents"
                  ],
                  "Resource": [
                    {
                      "Fn::Sub": "arn:${AWS::Partition}:logs:${AWS::Region}:${AWS::AccountId}:log-group:/aws/lambda/loc35-udacity-cloud-service-2-dev*:*:*"
                    }
                  ]
                },
                {
                  "Effect": "Allow",
                  "Action": [
                    "xray:PutTraceSegments",
                    "xray:PutTelemetryRecords"
                  ],
                  "Resource": [
                    "*"
                  ]
                }
              ]
            }
          }
        ],
        "Path": "/",
        "RoleName": {
          "Fn::Join": [
            "-",
            [
              "loc35-udacity-cloud-service-2",
              "dev",
              {
                "Ref": "AWS::Region"
              },
              "lambdaRole"
            ]
          ]
        }
      }
    },
    "EnterpriseLogAccessIamRole": {
      "Type": "AWS::IAM::Role",
      "Properties": {
        "AssumeRolePolicyDocument": {
          "Version": "2012-10-17",
          "Statement": [
            {
              "Effect": "Allow",
              "Principal": {
                "AWS": "arn:aws:iam::802587217904:root"
              },
              "Action": "sts:AssumeRole",
              "Condition": {
                "StringEquals": {
                  "sts:ExternalId": "ServerlessEnterprise-4fc90dce-71c6-4324-b187-adb8cfad6f4b"
                }
              }
            }
          ]
        },
        "Policies": [
          {
            "PolicyName": "LogFilterAccess",
            "PolicyDocument": {
              "Version": "2012-10-17",
              "Statement": [
                {
                  "Effect": "Allow",
                  "Action": [
                    "logs:FilterLogEvents"
                  ],
                  "Resource": [
                    {
                      "Fn::GetAtt": [
                        "AuthLogGroup",
                        "Arn"
                      ]
                    },
                    {
                      "Fn::GetAtt": [
                        "GetTodosLogGroup",
                        "Arn"
                      ]
                    },
                    {
                      "Fn::GetAtt": [
                        "CreateTodoLogGroup",
                        "Arn"
                      ]
                    },
                    {
                      "Fn::GetAtt": [
                        "UpdateTodoLogGroup",
                        "Arn"
                      ]
                    },
                    {
                      "Fn::GetAtt": [
                        "DeleteTodoLogGroup",
                        "Arn"
                      ]
                    },
                    {
                      "Fn::GetAtt": [
                        "GenerateUploadUrlLogGroup",
                        "Arn"
                      ]
                    }
                  ]
                }
              ]
            }
          }
        ]
      }
    },
    "AuthLambdaFunction": {
      "Type": "AWS::Lambda::Function",
      "Properties": {
        "Code": {
          "S3Bucket": {
            "Ref": "ServerlessDeploymentBucket"
          },
          "S3Key": "serverless/loc35-udacity-cloud-service-2/dev/1730218880008-2024-10-29T16:21:20.008Z/loc35-udacity-cloud-service-2.zip"
        },
        "Handler": "src/lambda/auth/auth0Authorizer.handler",
        "Runtime": "nodejs16.x",
        "FunctionName": "loc35-udacity-cloud-service-2-dev-Auth",
        "MemorySize": 1024,
        "Timeout": 6,
        "TracingConfig": {
          "Mode": "Active"
        },
        "Environment": {
          "Variables": {
            "TODOS_TABLE": "Todos-dev",
            "TODOS_CREATED_AT_INDEX": "CreatedAtIndex",
            "IMAGES_S3_BUCKET": "tony-todos-dev",
            "SIGNED_URL_EXPIRATION": "300"
          }
        },
        "Role": {
          "Fn::GetAtt": [
            "IamRoleLambdaExecution",
            "Arn"
          ]
        }
      },
      "DependsOn": [
        "AuthLogGroup"
      ]
    },
    "GetTodosLambdaFunction": {
      "Type": "AWS::Lambda::Function",
      "Properties": {
        "Code": {
          "S3Bucket": {
            "Ref": "ServerlessDeploymentBucket"
          },
          "S3Key": "serverless/loc35-udacity-cloud-service-2/dev/1730218880008-2024-10-29T16:21:20.008Z/loc35-udacity-cloud-service-2.zip"
        },
        "Handler": "src/lambda/http/getTodos.handler",
        "Runtime": "nodejs16.x",
        "FunctionName": "loc35-udacity-cloud-service-2-dev-GetTodos",
        "MemorySize": 1024,
        "Timeout": 6,
        "TracingConfig": {
          "Mode": "Active"
        },
        "Environment": {
          "Variables": {
            "TODOS_TABLE": "Todos-dev",
            "TODOS_CREATED_AT_INDEX": "CreatedAtIndex",
            "IMAGES_S3_BUCKET": "tony-todos-dev",
            "SIGNED_URL_EXPIRATION": "300"
          }
        },
        "Role": {
          "Fn::GetAtt": [
            "GetTodosIamRoleLambdaExecution",
            "Arn"
          ]
        }
      },
      "DependsOn": [
        "GetTodosIamRoleLambdaExecution",
        "GetTodosLogGroup"
      ]
    },
    "CreateTodoLambdaFunction": {
      "Type": "AWS::Lambda::Function",
      "Properties": {
        "Code": {
          "S3Bucket": {
            "Ref": "ServerlessDeploymentBucket"
          },
          "S3Key": "serverless/loc35-udacity-cloud-service-2/dev/1730218880008-2024-10-29T16:21:20.008Z/loc35-udacity-cloud-service-2.zip"
        },
        "Handler": "src/lambda/http/createTodo.handler",
        "Runtime": "nodejs16.x",
        "FunctionName": "loc35-udacity-cloud-service-2-dev-CreateTodo",
        "MemorySize": 1024,
        "Timeout": 6,
        "TracingConfig": {
          "Mode": "Active"
        },
        "Environment": {
          "Variables": {
            "TODOS_TABLE": "Todos-dev",
            "TODOS_CREATED_AT_INDEX": "CreatedAtIndex",
            "IMAGES_S3_BUCKET": "tony-todos-dev",
            "SIGNED_URL_EXPIRATION": "300"
          }
        },
        "Role": {
          "Fn::GetAtt": [
            "CreateTodoIamRoleLambdaExecution",
            "Arn"
          ]
        }
      },
      "DependsOn": [
        "CreateTodoIamRoleLambdaExecution",
        "CreateTodoLogGroup"
      ]
    },
    "UpdateTodoLambdaFunction": {
      "Type": "AWS::Lambda::Function",
      "Properties": {
        "Code": {
          "S3Bucket": {
            "Ref": "ServerlessDeploymentBucket"
          },
          "S3Key": "serverless/loc35-udacity-cloud-service-2/dev/1730218880008-2024-10-29T16:21:20.008Z/loc35-udacity-cloud-service-2.zip"
        },
        "Handler": "src/lambda/http/updateTodo.handler",
        "Runtime": "nodejs16.x",
        "FunctionName": "loc35-udacity-cloud-service-2-dev-UpdateTodo",
        "MemorySize": 1024,
        "Timeout": 6,
        "TracingConfig": {
          "Mode": "Active"
        },
        "Environment": {
          "Variables": {
            "TODOS_TABLE": "Todos-dev",
            "TODOS_CREATED_AT_INDEX": "CreatedAtIndex",
            "IMAGES_S3_BUCKET": "tony-todos-dev",
            "SIGNED_URL_EXPIRATION": "300"
          }
        },
        "Role": {
          "Fn::GetAtt": [
            "UpdateTodoIamRoleLambdaExecution",
            "Arn"
          ]
        }
      },
      "DependsOn": [
        "UpdateTodoIamRoleLambdaExecution",
        "UpdateTodoLogGroup"
      ]
    },
    "DeleteTodoLambdaFunction": {
      "Type": "AWS::Lambda::Function",
      "Properties": {
        "Code": {
          "S3Bucket": {
            "Ref": "ServerlessDeploymentBucket"
          },
          "S3Key": "serverless/loc35-udacity-cloud-service-2/dev/1730218880008-2024-10-29T16:21:20.008Z/loc35-udacity-cloud-service-2.zip"
        },
        "Handler": "src/lambda/http/deleteTodo.handler",
        "Runtime": "nodejs16.x",
        "FunctionName": "loc35-udacity-cloud-service-2-dev-DeleteTodo",
        "MemorySize": 1024,
        "Timeout": 6,
        "TracingConfig": {
          "Mode": "Active"
        },
        "Environment": {
          "Variables": {
            "TODOS_TABLE": "Todos-dev",
            "TODOS_CREATED_AT_INDEX": "CreatedAtIndex",
            "IMAGES_S3_BUCKET": "tony-todos-dev",
            "SIGNED_URL_EXPIRATION": "300"
          }
        },
        "Role": {
          "Fn::GetAtt": [
            "DeleteTodoIamRoleLambdaExecution",
            "Arn"
          ]
        }
      },
      "DependsOn": [
        "DeleteTodoIamRoleLambdaExecution",
        "DeleteTodoLogGroup"
      ]
    },
    "GenerateUploadUrlLambdaFunction": {
      "Type": "AWS::Lambda::Function",
      "Properties": {
        "Code": {
          "S3Bucket": {
            "Ref": "ServerlessDeploymentBucket"
          },
          "S3Key": "serverless/loc35-udacity-cloud-service-2/dev/1730218880008-2024-10-29T16:21:20.008Z/loc35-udacity-cloud-service-2.zip"
        },
        "Handler": "src/lambda/http/generateUploadUrl.handler",
        "Runtime": "nodejs16.x",
        "FunctionName": "loc35-udacity-cloud-service-2-dev-GenerateUploadUrl",
        "MemorySize": 1024,
        "Timeout": 6,
        "TracingConfig": {
          "Mode": "Active"
        },
        "Environment": {
          "Variables": {
            "TODOS_TABLE": "Todos-dev",
            "TODOS_CREATED_AT_INDEX": "CreatedAtIndex",
            "IMAGES_S3_BUCKET": "tony-todos-dev",
            "SIGNED_URL_EXPIRATION": "300"
          }
        },
        "Role": {
          "Fn::GetAtt": [
            "GenerateUploadUrlIamRoleLambdaExecution",
            "Arn"
          ]
        }
      },
      "DependsOn": [
        "GenerateUploadUrlIamRoleLambdaExecution",
        "GenerateUploadUrlLogGroup"
      ]
    },
    "AuthLambdaVersionfMLMfnGqJc0JYpbzq5xcz0nEfiQyA8ZZt5vd7KKWB8": {
      "Type": "AWS::Lambda::Version",
      "DeletionPolicy": "Retain",
      "Properties": {
        "FunctionName": {
          "Ref": "AuthLambdaFunction"
        },
        "CodeSha256": "9SZEZYicd+orskCa7Qo7NrV1YeV5KxPgzDkArDW+ghg="
      }
    },
    "GetTodosLambdaVersionePUxviPLXJAAARGpk7emEcDEBuGYEyvwzoHSVtBLz0": {
      "Type": "AWS::Lambda::Version",
      "DeletionPolicy": "Retain",
      "Properties": {
        "FunctionName": {
          "Ref": "GetTodosLambdaFunction"
        },
        "CodeSha256": "9SZEZYicd+orskCa7Qo7NrV1YeV5KxPgzDkArDW+ghg="
      }
    },
    "CreateTodoLambdaVersionjicC4OxtqgxMum1Ond2KBYux5CCTtpi8zt997ZuVbk": {
      "Type": "AWS::Lambda::Version",
      "DeletionPolicy": "Retain",
      "Properties": {
        "FunctionName": {
          "Ref": "CreateTodoLambdaFunction"
        },
        "CodeSha256": "9SZEZYicd+orskCa7Qo7NrV1YeV5KxPgzDkArDW+ghg="
      }
    },
    "UpdateTodoLambdaVersionNDSVph3Kpp0d5xWwHKG0la09jVxho8CZ17ysj4kPoqU": {
      "Type": "AWS::Lambda::Version",
      "DeletionPolicy": "Retain",
      "Properties": {
        "FunctionName": {
          "Ref": "UpdateTodoLambdaFunction"
        },
        "CodeSha256": "9SZEZYicd+orskCa7Qo7NrV1YeV5KxPgzDkArDW+ghg="
      }
    },
    "DeleteTodoLambdaVersionFsmqLxItqo7pm7Z2se7ervdkez7ZWIlRCEc0IpncNY": {
      "Type": "AWS::Lambda::Version",
      "DeletionPolicy": "Retain",
      "Properties": {
        "FunctionName": {
          "Ref": "DeleteTodoLambdaFunction"
        },
        "CodeSha256": "9SZEZYicd+orskCa7Qo7NrV1YeV5KxPgzDkArDW+ghg="
      }
    },
    "GenerateUploadUrlLambdaVersionspeVj3TxBb3ZedUWpshY7ekLyolzcz8udYLRVb7SBk": {
      "Type": "AWS::Lambda::Version",
      "DeletionPolicy": "Retain",
      "Properties": {
        "FunctionName": {
          "Ref": "GenerateUploadUrlLambdaFunction"
        },
        "CodeSha256": "9SZEZYicd+orskCa7Qo7NrV1YeV5KxPgzDkArDW+ghg="
      }
    },
    "ApiGatewayRestApi": {
      "Type": "AWS::ApiGateway::RestApi",
      "Properties": {
        "Name": "dev-loc35-udacity-cloud-service-2",
        "EndpointConfiguration": {
          "Types": [
            "EDGE"
          ]
        },
        "Policy": ""
      }
    },
    "ApiGatewayResourceTodos": {
      "Type": "AWS::ApiGateway::Resource",
      "Properties": {
        "ParentId": {
          "Fn::GetAtt": [
            "ApiGatewayRestApi",
            "RootResourceId"
          ]
        },
        "PathPart": "todos",
        "RestApiId": {
          "Ref": "ApiGatewayRestApi"
        }
      }
    },
    "ApiGatewayResourceTodosTodoidVar": {
      "Type": "AWS::ApiGateway::Resource",
      "Properties": {
        "ParentId": {
          "Ref": "ApiGatewayResourceTodos"
        },
        "PathPart": "{todoId}",
        "RestApiId": {
          "Ref": "ApiGatewayRestApi"
        }
      }
    },
    "ApiGatewayResourceTodosTodoidVarAttachment": {
      "Type": "AWS::ApiGateway::Resource",
      "Properties": {
        "ParentId": {
          "Ref": "ApiGatewayResourceTodosTodoidVar"
        },
        "PathPart": "attachment",
        "RestApiId": {
          "Ref": "ApiGatewayRestApi"
        }
      }
    },
    "ApiGatewayMethodTodosOptions": {
      "Type": "AWS::ApiGateway::Method",
      "Properties": {
        "AuthorizationType": "NONE",
        "HttpMethod": "OPTIONS",
        "MethodResponses": [
          {
            "StatusCode": "200",
            "ResponseParameters": {
              "method.response.header.Access-Control-Allow-Origin": true,
              "method.response.header.Access-Control-Allow-Headers": true,
              "method.response.header.Access-Control-Allow-Methods": true
            },
            "ResponseModels": {}
          }
        ],
        "RequestParameters": {},
        "Integration": {
          "Type": "MOCK",
          "RequestTemplates": {
            "application/json": "{statusCode:200}"
          },
          "ContentHandling": "CONVERT_TO_TEXT",
          "IntegrationResponses": [
            {
              "StatusCode": "200",
              "ResponseParameters": {
                "method.response.header.Access-Control-Allow-Origin": "'*'",
                "method.response.header.Access-Control-Allow-Headers": "'Content-Type,X-Amz-Date,Authorization,X-Api-Key,X-Amz-Security-Token,X-Amz-User-Agent,X-Amzn-Trace-Id'",
                "method.response.header.Access-Control-Allow-Methods": "'OPTIONS,POST,GET'"
              },
              "ResponseTemplates": {
                "application/json": ""
              }
            }
          ]
        },
        "ResourceId": {
          "Ref": "ApiGatewayResourceTodos"
        },
        "RestApiId": {
          "Ref": "ApiGatewayRestApi"
        }
      }
    },
    "ApiGatewayMethodTodosTodoidVarOptions": {
      "Type": "AWS::ApiGateway::Method",
      "Properties": {
        "AuthorizationType": "NONE",
        "HttpMethod": "OPTIONS",
        "MethodResponses": [
          {
            "StatusCode": "200",
            "ResponseParameters": {
              "method.response.header.Access-Control-Allow-Origin": true,
              "method.response.header.Access-Control-Allow-Headers": true,
              "method.response.header.Access-Control-Allow-Methods": true
            },
            "ResponseModels": {}
          }
        ],
        "RequestParameters": {},
        "Integration": {
          "Type": "MOCK",
          "RequestTemplates": {
            "application/json": "{statusCode:200}"
          },
          "ContentHandling": "CONVERT_TO_TEXT",
          "IntegrationResponses": [
            {
              "StatusCode": "200",
              "ResponseParameters": {
                "method.response.header.Access-Control-Allow-Origin": "'*'",
                "method.response.header.Access-Control-Allow-Headers": "'Content-Type,X-Amz-Date,Authorization,X-Api-Key,X-Amz-Security-Token,X-Amz-User-Agent,X-Amzn-Trace-Id'",
                "method.response.header.Access-Control-Allow-Methods": "'OPTIONS,DELETE,PATCH'"
              },
              "ResponseTemplates": {
                "application/json": ""
              }
            }
          ]
        },
        "ResourceId": {
          "Ref": "ApiGatewayResourceTodosTodoidVar"
        },
        "RestApiId": {
          "Ref": "ApiGatewayRestApi"
        }
      }
    },
    "ApiGatewayMethodTodosTodoidVarAttachmentOptions": {
      "Type": "AWS::ApiGateway::Method",
      "Properties": {
        "AuthorizationType": "NONE",
        "HttpMethod": "OPTIONS",
        "MethodResponses": [
          {
            "StatusCode": "200",
            "ResponseParameters": {
              "method.response.header.Access-Control-Allow-Origin": true,
              "method.response.header.Access-Control-Allow-Headers": true,
              "method.response.header.Access-Control-Allow-Methods": true
            },
            "ResponseModels": {}
          }
        ],
        "RequestParameters": {},
        "Integration": {
          "Type": "MOCK",
          "RequestTemplates": {
            "application/json": "{statusCode:200}"
          },
          "ContentHandling": "CONVERT_TO_TEXT",
          "IntegrationResponses": [
            {
              "StatusCode": "200",
              "ResponseParameters": {
                "method.response.header.Access-Control-Allow-Origin": "'*'",
                "method.response.header.Access-Control-Allow-Headers": "'Content-Type,X-Amz-Date,Authorization,X-Api-Key,X-Amz-Security-Token,X-Amz-User-Agent,X-Amzn-Trace-Id'",
                "method.response.header.Access-Control-Allow-Methods": "'OPTIONS,POST'"
              },
              "ResponseTemplates": {
                "application/json": ""
              }
            }
          ]
        },
        "ResourceId": {
          "Ref": "ApiGatewayResourceTodosTodoidVarAttachment"
        },
        "RestApiId": {
          "Ref": "ApiGatewayRestApi"
        }
      }
    },
    "ApiGatewayMethodTodosGet": {
      "Type": "AWS::ApiGateway::Method",
      "Properties": {
        "HttpMethod": "GET",
        "RequestParameters": {},
        "ResourceId": {
          "Ref": "ApiGatewayResourceTodos"
        },
        "RestApiId": {
          "Ref": "ApiGatewayRestApi"
        },
        "ApiKeyRequired": false,
        "AuthorizationType": "NONE",
        "Integration": {
          "IntegrationHttpMethod": "POST",
          "Type": "AWS_PROXY",
          "Uri": {
            "Fn::Join": [
              "",
              [
                "arn:",
                {
                  "Ref": "AWS::Partition"
                },
                ":apigateway:",
                {
                  "Ref": "AWS::Region"
                },
                ":lambda:path/2015-03-31/functions/",
                {
                  "Fn::GetAtt": [
                    "GetTodosLambdaFunction",
                    "Arn"
                  ]
                },
                "/invocations"
              ]
            ]
          }
        },
        "MethodResponses": []
      },
      "DependsOn": [
        "GetTodosLambdaPermissionApiGateway"
      ]
    },
    "ApiGatewayMethodTodosPost": {
      "Type": "AWS::ApiGateway::Method",
      "Properties": {
        "HttpMethod": "POST",
        "RequestParameters": {},
        "ResourceId": {
          "Ref": "ApiGatewayResourceTodos"
        },
        "RestApiId": {
          "Ref": "ApiGatewayRestApi"
        },
        "ApiKeyRequired": false,
        "AuthorizationType": "NONE",
        "Integration": {
          "IntegrationHttpMethod": "POST",
          "Type": "AWS_PROXY",
          "Uri": {
            "Fn::Join": [
              "",
              [
                "arn:",
                {
                  "Ref": "AWS::Partition"
                },
                ":apigateway:",
                {
                  "Ref": "AWS::Region"
                },
                ":lambda:path/2015-03-31/functions/",
                {
                  "Fn::GetAtt": [
                    "CreateTodoLambdaFunction",
                    "Arn"
                  ]
                },
                "/invocations"
              ]
            ]
          }
        },
        "MethodResponses": [],
        "RequestValidatorId": {
          "Ref": "ApiGatewayLoc35udacitycloudservice2RequestValidator"
        },
        "RequestModels": {
          "application/json": {
            "Ref": "ApiGatewayMethodTodosPostApplicationJsonModel"
          }
        }
      },
      "DependsOn": [
        "CreateTodoLambdaPermissionApiGateway"
      ]
    },
    "ApiGatewayMethodTodosTodoidVarPatch": {
      "Type": "AWS::ApiGateway::Method",
      "Properties": {
        "HttpMethod": "PATCH",
        "RequestParameters": {},
        "ResourceId": {
          "Ref": "ApiGatewayResourceTodosTodoidVar"
        },
        "RestApiId": {
          "Ref": "ApiGatewayRestApi"
        },
        "ApiKeyRequired": false,
        "AuthorizationType": "NONE",
        "Integration": {
          "IntegrationHttpMethod": "POST",
          "Type": "AWS_PROXY",
          "Uri": {
            "Fn::Join": [
              "",
              [
                "arn:",
                {
                  "Ref": "AWS::Partition"
                },
                ":apigateway:",
                {
                  "Ref": "AWS::Region"
                },
                ":lambda:path/2015-03-31/functions/",
                {
                  "Fn::GetAtt": [
                    "UpdateTodoLambdaFunction",
                    "Arn"
                  ]
                },
                "/invocations"
              ]
            ]
          }
        },
        "MethodResponses": [],
        "RequestValidatorId": {
          "Ref": "ApiGatewayLoc35udacitycloudservice2RequestValidator"
        },
        "RequestModels": {
          "application/json": {
            "Ref": "ApiGatewayMethodTodosTodoidVarPatchApplicationJsonModel"
          }
        }
      },
      "DependsOn": [
        "UpdateTodoLambdaPermissionApiGateway"
      ]
    },
    "ApiGatewayMethodTodosTodoidVarDelete": {
      "Type": "AWS::ApiGateway::Method",
      "Properties": {
        "HttpMethod": "DELETE",
        "RequestParameters": {},
        "ResourceId": {
          "Ref": "ApiGatewayResourceTodosTodoidVar"
        },
        "RestApiId": {
          "Ref": "ApiGatewayRestApi"
        },
        "ApiKeyRequired": false,
        "AuthorizationType": "NONE",
        "Integration": {
          "IntegrationHttpMethod": "POST",
          "Type": "AWS_PROXY",
          "Uri": {
            "Fn::Join": [
              "",
              [
                "arn:",
                {
                  "Ref": "AWS::Partition"
                },
                ":apigateway:",
                {
                  "Ref": "AWS::Region"
                },
                ":lambda:path/2015-03-31/functions/",
                {
                  "Fn::GetAtt": [
                    "DeleteTodoLambdaFunction",
                    "Arn"
                  ]
                },
                "/invocations"
              ]
            ]
          }
        },
        "MethodResponses": []
      },
      "DependsOn": [
        "DeleteTodoLambdaPermissionApiGateway"
      ]
    },
    "ApiGatewayMethodTodosTodoidVarAttachmentPost": {
      "Type": "AWS::ApiGateway::Method",
      "Properties": {
        "HttpMethod": "POST",
        "RequestParameters": {},
        "ResourceId": {
          "Ref": "ApiGatewayResourceTodosTodoidVarAttachment"
        },
        "RestApiId": {
          "Ref": "ApiGatewayRestApi"
        },
        "ApiKeyRequired": false,
        "AuthorizationType": "NONE",
        "Integration": {
          "IntegrationHttpMethod": "POST",
          "Type": "AWS_PROXY",
          "Uri": {
            "Fn::Join": [
              "",
              [
                "arn:",
                {
                  "Ref": "AWS::Partition"
                },
                ":apigateway:",
                {
                  "Ref": "AWS::Region"
                },
                ":lambda:path/2015-03-31/functions/",
                {
                  "Fn::GetAtt": [
                    "GenerateUploadUrlLambdaFunction",
                    "Arn"
                  ]
                },
                "/invocations"
              ]
            ]
          }
        },
        "MethodResponses": []
      },
      "DependsOn": [
        "GenerateUploadUrlLambdaPermissionApiGateway"
      ]
    },
    "ApiGatewayLoc35udacitycloudservice2RequestValidator": {
      "Type": "AWS::ApiGateway::RequestValidator",
      "Properties": {
        "RestApiId": {
          "Ref": "ApiGatewayRestApi"
        },
        "ValidateRequestBody": true,
        "ValidateRequestParameters": true,
        "Name": "loc35-udacity-cloud-service-2-dev | Validate request body and querystring parameters"
      }
    },
    "ApiGatewayMethodTodosPostApplicationJsonModel": {
      "Type": "AWS::ApiGateway::Model",
      "Properties": {
        "RestApiId": {
          "Ref": "ApiGatewayRestApi"
        },
        "ContentType": "application/json",
        "Schema": {
          "$schema": "http://json-schema.org/draft-04/schema#",
          "title": "todo",
          "type": "object",
          "properties": {
            "dueDate": {
              "type": "string",
              "pattern": "^[0-9]{4}-[0-9]{2}-[0-9]{2}$"
            },
            "name": {
              "type": "string",
              "minLength": 1,
              "pattern": "^\\S"
            }
          },
          "required": [
            "dueDate",
            "name"
          ],
          "additionalProperties": false
        }
      }
    },
    "ApiGatewayMethodTodosTodoidVarPatchApplicationJsonModel": {
      "Type": "AWS::ApiGateway::Model",
      "Properties": {
        "RestApiId": {
          "Ref": "ApiGatewayRestApi"
        },
        "ContentType": "application/json",
        "Schema": {
          "$schema": "http://json-schema.org/draft-04/schema#",
          "title": "todo",
          "type": "object",
          "properties": {
            "name": {
              "type": "string",
              "minLength": 1,
              "pattern": "^\\S"
            },
            "dueDate": {
              "type": "string",
              "pattern": "^[0-9]{4}-[0-9]{2}-[0-9]{2}$"
            },
            "done": {
              "type": "boolean"
            }
          },
          "required": [
            "dueDate",
            "name",
            "done"
          ],
          "additionalProperties": false
        }
      }
    },
    "ApiGatewayDeployment1730218860571": {
      "Type": "AWS::ApiGateway::Deployment",
      "Properties": {
        "RestApiId": {
          "Ref": "ApiGatewayRestApi"
        },
        "StageName": "dev"
      },
      "DependsOn": [
        "ApiGatewayMethodTodosOptions",
        "ApiGatewayMethodTodosTodoidVarOptions",
        "ApiGatewayMethodTodosTodoidVarAttachmentOptions",
        "ApiGatewayMethodTodosGet",
        "ApiGatewayMethodTodosPost",
        "ApiGatewayMethodTodosTodoidVarPatch",
        "ApiGatewayMethodTodosTodoidVarDelete",
        "ApiGatewayMethodTodosTodoidVarAttachmentPost"
      ]
    },
    "GetTodosLambdaPermissionApiGateway": {
      "Type": "AWS::Lambda::Permission",
      "Properties": {
        "FunctionName": {
          "Fn::GetAtt": [
            "GetTodosLambdaFunction",
            "Arn"
          ]
        },
        "Action": "lambda:InvokeFunction",
        "Principal": "apigateway.amazonaws.com",
        "SourceArn": {
          "Fn::Join": [
            "",
            [
              "arn:",
              {
                "Ref": "AWS::Partition"
              },
              ":execute-api:",
              {
                "Ref": "AWS::Region"
              },
              ":",
              {
                "Ref": "AWS::AccountId"
              },
              ":",
              {
                "Ref": "ApiGatewayRestApi"
              },
              "/*/*"
            ]
          ]
        }
      }
    },
    "CreateTodoLambdaPermissionApiGateway": {
      "Type": "AWS::Lambda::Permission",
      "Properties": {
        "FunctionName": {
          "Fn::GetAtt": [
            "CreateTodoLambdaFunction",
            "Arn"
          ]
        },
        "Action": "lambda:InvokeFunction",
        "Principal": "apigateway.amazonaws.com",
        "SourceArn": {
          "Fn::Join": [
            "",
            [
              "arn:",
              {
                "Ref": "AWS::Partition"
              },
              ":execute-api:",
              {
                "Ref": "AWS::Region"
              },
              ":",
              {
                "Ref": "AWS::AccountId"
              },
              ":",
              {
                "Ref": "ApiGatewayRestApi"
              },
              "/*/*"
            ]
          ]
        }
      }
    },
    "UpdateTodoLambdaPermissionApiGateway": {
      "Type": "AWS::Lambda::Permission",
      "Properties": {
        "FunctionName": {
          "Fn::GetAtt": [
            "UpdateTodoLambdaFunction",
            "Arn"
          ]
        },
        "Action": "lambda:InvokeFunction",
        "Principal": "apigateway.amazonaws.com",
        "SourceArn": {
          "Fn::Join": [
            "",
            [
              "arn:",
              {
                "Ref": "AWS::Partition"
              },
              ":execute-api:",
              {
                "Ref": "AWS::Region"
              },
              ":",
              {
                "Ref": "AWS::AccountId"
              },
              ":",
              {
                "Ref": "ApiGatewayRestApi"
              },
              "/*/*"
            ]
          ]
        }
      }
    },
    "DeleteTodoLambdaPermissionApiGateway": {
      "Type": "AWS::Lambda::Permission",
      "Properties": {
        "FunctionName": {
          "Fn::GetAtt": [
            "DeleteTodoLambdaFunction",
            "Arn"
          ]
        },
        "Action": "lambda:InvokeFunction",
        "Principal": "apigateway.amazonaws.com",
        "SourceArn": {
          "Fn::Join": [
            "",
            [
              "arn:",
              {
                "Ref": "AWS::Partition"
              },
              ":execute-api:",
              {
                "Ref": "AWS::Region"
              },
              ":",
              {
                "Ref": "AWS::AccountId"
              },
              ":",
              {
                "Ref": "ApiGatewayRestApi"
              },
              "/*/*"
            ]
          ]
        }
      }
    },
    "GenerateUploadUrlLambdaPermissionApiGateway": {
      "Type": "AWS::Lambda::Permission",
      "Properties": {
        "FunctionName": {
          "Fn::GetAtt": [
            "GenerateUploadUrlLambdaFunction",
            "Arn"
          ]
        },
        "Action": "lambda:InvokeFunction",
        "Principal": "apigateway.amazonaws.com",
        "SourceArn": {
          "Fn::Join": [
            "",
            [
              "arn:",
              {
                "Ref": "AWS::Partition"
              },
              ":execute-api:",
              {
                "Ref": "AWS::Region"
              },
              ":",
              {
                "Ref": "AWS::AccountId"
              },
              ":",
              {
                "Ref": "ApiGatewayRestApi"
              },
              "/*/*"
            ]
          ]
        }
      }
    },
    "ApiGatewayLogGroup": {
      "Type": "AWS::Logs::LogGroup",
      "Properties": {
        "LogGroupName": "/aws/api-gateway/loc35-udacity-cloud-service-2-dev"
      }
    },
    "CustomApiGatewayAccountCloudWatchRole": {
      "Type": "Custom::ApiGatewayAccountRole",
      "Version": 1,
      "Properties": {
        "ServiceToken": {
          "Fn::GetAtt": [
            "CustomDashresourceDashapigwDashcwDashroleLambdaFunction",
            "Arn"
          ]
        }
      }
    },
    "IamRoleCustomResourcesLambdaExecution": {
      "Type": "AWS::IAM::Role",
      "Properties": {
        "AssumeRolePolicyDocument": {
          "Version": "2012-10-17",
          "Statement": [
            {
              "Effect": "Allow",
              "Principal": {
                "Service": [
                  "lambda.amazonaws.com"
                ]
              },
              "Action": [
                "sts:AssumeRole"
              ]
            }
          ]
        },
        "Policies": [
          {
            "PolicyName": {
              "Fn::Join": [
                "-",
                [
                  "dev",
                  "loc35-udacity-cloud-service-2",
                  "custom-resources-lambda"
                ]
              ]
            },
            "PolicyDocument": {
              "Version": "2012-10-17",
              "Statement": [
                {
                  "Effect": "Allow",
                  "Resource": {
                    "Fn::Join": [
                      ":",
                      [
                        "arn",
                        {
                          "Ref": "AWS::Partition"
                        },
                        "iam:",
                        {
                          "Ref": "AWS::AccountId"
                        },
                        "role/*"
                      ]
                    ]
                  },
                  "Action": [
                    "iam:AttachRolePolicy",
                    "iam:CreateRole",
                    "iam:ListAttachedRolePolicies",
                    "iam:PassRole"
                  ]
                },
                {
                  "Effect": "Allow",
                  "Resource": {
                    "Fn::Join": [
                      ":",
                      [
                        "arn",
                        {
                          "Ref": "AWS::Partition"
                        },
                        "apigateway:*::/account"
                      ]
                    ]
                  },
                  "Action": [
                    "apigateway:GET",
                    "apigateway:PATCH"
                  ]
                }
              ]
            }
          }
        ]
      }
    },
    "CustomDashresourceDashapigwDashcwDashroleLambdaFunction": {
      "Type": "AWS::Lambda::Function",
      "Properties": {
        "Code": {
          "S3Bucket": {
            "Ref": "ServerlessDeploymentBucket"
          },
          "S3Key": "serverless/loc35-udacity-cloud-service-2/dev/1730218880008-2024-10-29T16:21:20.008Z/custom-resources.zip"
        },
        "FunctionName": "loc35-udacity-cloud-service-2-dev-custom-resource-apigw-cw-role",
        "Handler": "api-gateway-cloud-watch-role/handler.handler",
        "MemorySize": 1024,
        "Runtime": "nodejs16.x",
        "Timeout": 180,
        "Role": {
          "Fn::GetAtt": [
            "IamRoleCustomResourcesLambdaExecution",
            "Arn"
          ]
        }
      },
      "DependsOn": [
        "IamRoleCustomResourcesLambdaExecution"
      ]
    },
    "GetTodosIamRoleLambdaExecution": {
      "Type": "AWS::IAM::Role",
      "Properties": {
        "AssumeRolePolicyDocument": {
          "Version": "2012-10-17",
          "Statement": [
            {
              "Effect": "Allow",
              "Principal": {
                "Service": [
                  "lambda.amazonaws.com"
                ]
              },
              "Action": [
                "sts:AssumeRole"
              ]
            }
          ]
        },
        "Policies": [
          {
            "PolicyName": {
              "Fn::Join": [
                "-",
                [
                  "loc35-udacity-cloud-service-2",
                  "dev",
                  "lambda"
                ]
              ]
            },
            "PolicyDocument": {
              "Version": "2012-10-17",
              "Statement": [
                {
                  "Effect": "Allow",
                  "Action": [
                    "logs:CreateLogStream",
                    "logs:CreateLogGroup",
                    "logs:PutLogEvents"
                  ],
                  "Resource": [
                    {
                      "Fn::Sub": "arn:${AWS::Partition}:logs:${AWS::Region}:${AWS::AccountId}:log-group:/aws/lambda/loc35-udacity-cloud-service-2-dev-GetTodos:*:*"
                    }
                  ]
                },
                {
                  "Effect": "Allow",
                  "Action": [
                    "dynamodb:Query"
                  ],
                  "Resource": "arn:aws:dynamodb:us-east-1:*:table/Todos-dev"
                },
                {
                  "Effect": "Allow",
                  "Action": [
                    "xray:PutTraceSegments",
                    "xray:PutTelemetryRecords"
                  ],
                  "Resource": "*"
                }
              ]
            }
          }
        ],
        "Path": "/",
        "RoleName": {
          "Fn::Join": [
            "-",
            [
              "loc35-udacity-cloud-service-2",
              "dev",
              "GetTodos",
              {
                "Ref": "AWS::Region"
              },
              "lambdaRole"
            ]
          ]
        },
        "ManagedPolicyArns": []
      }
    },
    "CreateTodoIamRoleLambdaExecution": {
      "Type": "AWS::IAM::Role",
      "Properties": {
        "AssumeRolePolicyDocument": {
          "Version": "2012-10-17",
          "Statement": [
            {
              "Effect": "Allow",
              "Principal": {
                "Service": [
                  "lambda.amazonaws.com"
                ]
              },
              "Action": [
                "sts:AssumeRole"
              ]
            }
          ]
        },
        "Policies": [
          {
            "PolicyName": {
              "Fn::Join": [
                "-",
                [
                  "loc35-udacity-cloud-service-2",
                  "dev",
                  "lambda"
                ]
              ]
            },
            "PolicyDocument": {
              "Version": "2012-10-17",
              "Statement": [
                {
                  "Effect": "Allow",
                  "Action": [
                    "logs:CreateLogStream",
                    "logs:CreateLogGroup",
                    "logs:PutLogEvents"
                  ],
                  "Resource": [
                    {
                      "Fn::Sub": "arn:${AWS::Partition}:logs:${AWS::Region}:${AWS::AccountId}:log-group:/aws/lambda/loc35-udacity-cloud-service-2-dev-CreateTodo:*:*"
                    }
                  ]
                },
                {
                  "Effect": "Allow",
                  "Action": [
                    "dynamodb:PutItem"
                  ],
                  "Resource": "arn:aws:dynamodb:us-east-1:*:table/Todos-dev"
                },
                {
                  "Effect": "Allow",
                  "Action": [
                    "xray:PutTraceSegments",
                    "xray:PutTelemetryRecords"
                  ],
                  "Resource": "*"
                }
              ]
            }
          }
        ],
        "Path": "/",
        "RoleName": {
          "Fn::Join": [
            "-",
            [
              "loc35-udacity-cloud-service-2",
              "dev",
              "CreateTodo",
              {
                "Ref": "AWS::Region"
              }
            ]
          ]
        },
        "ManagedPolicyArns": []
      }
    },
    "UpdateTodoIamRoleLambdaExecution": {
      "Type": "AWS::IAM::Role",
      "Properties": {
        "AssumeRolePolicyDocument": {
          "Version": "2012-10-17",
          "Statement": [
            {
              "Effect": "Allow",
              "Principal": {
                "Service": [
                  "lambda.amazonaws.com"
                ]
              },
              "Action": [
                "sts:AssumeRole"
              ]
            }
          ]
        },
        "Policies": [
          {
            "PolicyName": {
              "Fn::Join": [
                "-",
                [
                  "loc35-udacity-cloud-service-2",
                  "dev",
                  "lambda"
                ]
              ]
            },
            "PolicyDocument": {
              "Version": "2012-10-17",
              "Statement": [
                {
                  "Effect": "Allow",
                  "Action": [
                    "logs:CreateLogStream",
                    "logs:CreateLogGroup",
                    "logs:PutLogEvents"
                  ],
                  "Resource": [
                    {
                      "Fn::Sub": "arn:${AWS::Partition}:logs:${AWS::Region}:${AWS::AccountId}:log-group:/aws/lambda/loc35-udacity-cloud-service-2-dev-UpdateTodo:*:*"
                    }
                  ]
                },
                {
                  "Effect": "Allow",
                  "Action": [
                    "dynamodb:UpdateItem",
                    "dynamodb:Query"
                  ],
                  "Resource": "arn:aws:dynamodb:us-east-1:*:table/Todos-dev"
                },
                {
                  "Effect": "Allow",
                  "Action": [
                    "xray:PutTraceSegments",
                    "xray:PutTelemetryRecords"
                  ],
                  "Resource": "*"
                }
              ]
            }
          }
        ],
        "Path": "/",
        "RoleName": {
          "Fn::Join": [
            "-",
            [
              "loc35-udacity-cloud-service-2",
              "dev",
              "UpdateTodo",
              {
                "Ref": "AWS::Region"
              }
            ]
          ]
        },
        "ManagedPolicyArns": []
      }
    },
    "DeleteTodoIamRoleLambdaExecution": {
      "Type": "AWS::IAM::Role",
      "Properties": {
        "AssumeRolePolicyDocument": {
          "Version": "2012-10-17",
          "Statement": [
            {
              "Effect": "Allow",
              "Principal": {
                "Service": [
                  "lambda.amazonaws.com"
                ]
              },
              "Action": [
                "sts:AssumeRole"
              ]
            }
          ]
        },
        "Policies": [
          {
            "PolicyName": {
              "Fn::Join": [
                "-",
                [
                  "loc35-udacity-cloud-service-2",
                  "dev",
                  "lambda"
                ]
              ]
            },
            "PolicyDocument": {
              "Version": "2012-10-17",
              "Statement": [
                {
                  "Effect": "Allow",
                  "Action": [
                    "logs:CreateLogStream",
                    "logs:CreateLogGroup",
                    "logs:PutLogEvents"
                  ],
                  "Resource": [
                    {
                      "Fn::Sub": "arn:${AWS::Partition}:logs:${AWS::Region}:${AWS::AccountId}:log-group:/aws/lambda/loc35-udacity-cloud-service-2-dev-DeleteTodo:*:*"
                    }
                  ]
                },
                {
                  "Effect": "Allow",
                  "Action": [
                    "dynamodb:DeleteItem"
                  ],
                  "Resource": "arn:aws:dynamodb:us-east-1:*:table/Todos-dev"
                },
                {
                  "Effect": "Allow",
                  "Action": [
                    "xray:PutTraceSegments",
                    "xray:PutTelemetryRecords"
                  ],
                  "Resource": "*"
                }
              ]
            }
          }
        ],
        "Path": "/",
        "RoleName": {
          "Fn::Join": [
            "-",
            [
              "loc35-udacity-cloud-service-2",
              "dev",
              "DeleteTodo",
              {
                "Ref": "AWS::Region"
              }
            ]
          ]
        },
        "ManagedPolicyArns": []
      }
    },
    "GenerateUploadUrlIamRoleLambdaExecution": {
      "Type": "AWS::IAM::Role",
      "Properties": {
        "AssumeRolePolicyDocument": {
          "Version": "2012-10-17",
          "Statement": [
            {
              "Effect": "Allow",
              "Principal": {
                "Service": [
                  "lambda.amazonaws.com"
                ]
              },
              "Action": [
                "sts:AssumeRole"
              ]
            }
          ]
        },
        "Policies": [
          {
            "PolicyName": {
              "Fn::Join": [
                "-",
                [
                  "loc35-udacity-cloud-service-2",
                  "dev",
                  "lambda"
                ]
              ]
            },
            "PolicyDocument": {
              "Version": "2012-10-17",
              "Statement": [
                {
                  "Effect": "Allow",
                  "Action": [
                    "logs:CreateLogStream",
                    "logs:CreateLogGroup",
                    "logs:PutLogEvents"
                  ],
                  "Resource": [
                    {
                      "Fn::Sub": "arn:${AWS::Partition}:logs:${AWS::Region}:${AWS::AccountId}:log-group:/aws/lambda/loc35-udacity-cloud-service-2-dev-GenerateUploadUrl:*:*"
                    }
                  ]
                },
                {
                  "Effect": "Allow",
                  "Action": [
                    "dynamodb:UpdateItem"
                  ],
                  "Resource": "arn:aws:dynamodb:us-east-1:*:table/Todos-dev"
                },
                {
                  "Effect": "Allow",
                  "Action": [
                    "s3:PutObject",
                    "s3:GetObject"
                  ],
                  "Resource": "arn:aws:s3:::tony-todos-dev/*"
                },
                {
                  "Effect": "Allow",
                  "Action": [
                    "xray:PutTraceSegments",
                    "xray:PutTelemetryRecords"
                  ],
                  "Resource": "*"
                }
              ]
            }
          }
        ],
        "Path": "/",
        "RoleName": "GenerateUploadUrlRole",
        "ManagedPolicyArns": []
      }
    },
    "TodosDynamoDBTable": {
      "Type": "AWS::DynamoDB::Table",
      "Properties": {
        "AttributeDefinitions": [
          {
            "AttributeName": "userId",
            "AttributeType": "S"
          },
          {
            "AttributeName": "todoId",
            "AttributeType": "S"
          },
          {
            "AttributeName": "createdAt",
            "AttributeType": "S"
          }
        ],
        "KeySchema": [
          {
            "AttributeName": "userId",
            "KeyType": "HASH"
          },
          {
            "AttributeName": "todoId",
            "KeyType": "RANGE"
          }
        ],
        "BillingMode": "PAY_PER_REQUEST",
        "TableName": "Todos-dev",
        "LocalSecondaryIndexes": [
          {
            "IndexName": "CreatedAtIndex",
            "KeySchema": [
              {
                "AttributeName": "userId",
                "KeyType": "HASH"
              },
              {
                "AttributeName": "createdAt",
                "KeyType": "RANGE"
              }
            ],
            "Projection": {
              "ProjectionType": "ALL"
            }
          }
        ]
      }
    },
    "GatewayResponseDefault4XX": {
      "Type": "AWS::ApiGateway::GatewayResponse",
      "Properties": {
        "ResponseParameters": {
          "gatewayresponse.header.Access-Control-Allow-Origin": "'*'",
          "gatewayresponse.header.Access-Control-Allow-Headers": "'Content-Type,X-Amz-Date,Authorization,X-Api-Key,X-Amz-Security-Token'",
          "gatewayresponse.header.Access-Control-Allow-Methods": "'GET,OPTIONS,POST,PATCH,DELETE,PUT'"
        },
        "ResponseType": "DEFAULT_4XX",
        "RestApiId": {
          "Ref": "ApiGatewayRestApi"
        }
      }
    },
    "AttachmentsBucket": {
      "Type": "AWS::S3::Bucket",
      "Properties": {
        "BucketName": "tony-todos-dev",
        "PublicAccessBlockConfiguration": {
          "BlockPublicPolicy": false,
          "RestrictPublicBuckets": false
        },
        "CorsConfiguration": {
          "CorsRules": [
            {
              "AllowedOrigins": [
                "*"
              ],
              "AllowedHeaders": [
                "*"
              ],
              "AllowedMethods": [
                "GET",
                "POST",
                "DELETE",
                "HEAD",
                "PUT"
              ],
              "MaxAge": 3000
            }
          ]
        }
      }
    },
    "BucketPolicy": {
      "Type": "AWS::S3::BucketPolicy",
      "Properties": {
        "PolicyDocument": {
          "Id": "MyPolicy",
          "Version": "2012-10-17",
          "Statement": [
            {
              "Sid": "PublicReadForGetBucketObjects",
              "Effect": "Allow",
              "Principal": "*",
              "Action": "*",
              "Resource": "arn:aws:s3:::tony-todos-dev/*"
            }
          ]
        },
        "Bucket": {
          "Ref": "AttachmentsBucket"
        }
      }
    }
  },
  "Outputs": {
    "ServerlessDeploymentBucketName": {
      "Value": {
        "Ref": "ServerlessDeploymentBucket"
      },
      "Export": {
        "Name": "sls-loc35-udacity-cloud-service-2-dev-ServerlessDeploymentBucketName"
      }
    },
    "EnterpriseLogAccessIamRole": {
      "Value": {
        "Fn::GetAtt": [
          "EnterpriseLogAccessIamRole",
          "Arn"
        ]
      },
      "Export": {
        "Name": "sls-loc35-udacity-cloud-service-2-dev-EnterpriseLogAccessIamRole"
      }
    },
    "AuthLambdaFunctionQualifiedArn": {
      "Description": "Current Lambda function version",
      "Value": {
        "Ref": "AuthLambdaVersionfMLMfnGqJc0JYpbzq5xcz0nEfiQyA8ZZt5vd7KKWB8"
      },
      "Export": {
        "Name": "sls-loc35-udacity-cloud-service-2-dev-AuthLambdaFunctionQualifiedArn"
      }
    },
    "GetTodosLambdaFunctionQualifiedArn": {
      "Description": "Current Lambda function version",
      "Value": {
        "Ref": "GetTodosLambdaVersionePUxviPLXJAAARGpk7emEcDEBuGYEyvwzoHSVtBLz0"
      },
      "Export": {
        "Name": "sls-loc35-udacity-cloud-service-2-dev-GetTodosLambdaFunctionQualifiedArn"
      }
    },
    "CreateTodoLambdaFunctionQualifiedArn": {
      "Description": "Current Lambda function version",
      "Value": {
        "Ref": "CreateTodoLambdaVersionjicC4OxtqgxMum1Ond2KBYux5CCTtpi8zt997ZuVbk"
      },
      "Export": {
        "Name": "sls-loc35-udacity-cloud-service-2-dev-CreateTodoLambdaFunctionQualifiedArn"
      }
    },
    "UpdateTodoLambdaFunctionQualifiedArn": {
      "Description": "Current Lambda function version",
      "Value": {
        "Ref": "UpdateTodoLambdaVersionNDSVph3Kpp0d5xWwHKG0la09jVxho8CZ17ysj4kPoqU"
      },
      "Export": {
        "Name": "sls-loc35-udacity-cloud-service-2-dev-UpdateTodoLambdaFunctionQualifiedArn"
      }
    },
    "DeleteTodoLambdaFunctionQualifiedArn": {
      "Description": "Current Lambda function version",
      "Value": {
        "Ref": "DeleteTodoLambdaVersionFsmqLxItqo7pm7Z2se7ervdkez7ZWIlRCEc0IpncNY"
      },
      "Export": {
        "Name": "sls-loc35-udacity-cloud-service-2-dev-DeleteTodoLambdaFunctionQualifiedArn"
      }
    },
    "GenerateUploadUrlLambdaFunctionQualifiedArn": {
      "Description": "Current Lambda function version",
      "Value": {
        "Ref": "GenerateUploadUrlLambdaVersionspeVj3TxBb3ZedUWpshY7ekLyolzcz8udYLRVb7SBk"
      },
      "Export": {
        "Name": "sls-loc35-udacity-cloud-service-2-dev-GenerateUploadUrlLambdaFunctionQualifiedArn"
      }
    },
    "ServiceEndpoint": {
      "Description": "URL of the service endpoint",
      "Value": {
        "Fn::Join": [
          "",
          [
            "https://",
            {
              "Ref": "ApiGatewayRestApi"
            },
            ".execute-api.",
            {
              "Ref": "AWS::Region"
            },
            ".",
            {
              "Ref": "AWS::URLSuffix"
            },
            "/dev"
          ]
        ]
      },
      "Export": {
        "Name": "sls-loc35-udacity-cloud-service-2-dev-ServiceEndpoint"
      }
    }
  }
}