{
    "$schema": "http://json-schema.org/draft-04/schema#",
    "title": "todo",
    "type": "object",
    "properties": {
      "name": {
        "type": "string",
        "minLength": 1,
        "pattern": "^\\S"
      },
      "dueDate": {
        "type": "string",
        "pattern": "^[0-9]{4}-[0-9]{2}-[0-9]{2}$"
      },
      "done": {
        "type": "boolean"
      }
    },
    "required": [
      "dueDate",
      "name",
      "done"
    ],
    "additionalProperties": false
  }